firstName,lastName
Makoto,Satoh
Altaf,Hossain
Rafael,Álvarez
Jovan,Golic
Güzin,Ulutas
Pranay,Chaudhuri
Dominik,Szajerman
Ankita,Brahmachari
Magnus,Mähring
Minoru,Shigenaga
Reiko,Heckel
Efthymios,Alepis
Milos,Zelezný
Abdullah,Alsubaie
Tien,Ho-Phuoc
Marco,Baroni
John,Douceur
Hiroshi,Furukawa
Nebojsa,Ralevic
Kazuhiro,Fuchi
Michel,Abdalla
Martine,Collard
Yosuke,Furukawa
Dirk,De Maeyer
Alexei,Novikov
Jin-Kao,Hao
Tegegne,Marew
Łukasz,Kobyliński
Aristides,Dikos
Harald,Weinreich
Paul,Mockapetris
Ted,Szymanski
James,Niblock
Nadine,Kafa
Lawrence,Mazlack
Qiong,Liu
Jim,Hunter
Li-Qun,Xu
Claudius,Gläser
Michael,Henning
Robert,Van Gorder
Munish,Gandhi
Etiel,Petrinja
Carlos,Salgado
Peter,Lane
Ying,Wu
Robert,Austin
Luc,Hoegaerts
Qingxiao,Guan
Mike,Rinderknecht
Diana,Zaiu Inkpen
Reinhard,Klein
Volker,Frehe
Eleanor,Leist
Belhassen,Akrout
Tomohisa,Yamashita
Jesper,Thestrup
Narciso,Cerpa
Petko,Valtchev
Takahisa,Toda
Thomas,Portele
Jeff,Conklin
Megan,MacGregor
Jason,Cope
Guo-Hong,Ding
Diane,Rowland
Jaewook,Chung
Donald,Allen
Xia,Wang
Pascal,Nicolas
Catarina,Lucena
Adnan,Al-Khatib
Pedro,Pereira
Dmitry,Kropotov
Aitor,Murguzur
Malin,Nilsson
Mira,Balaban
Li,Zhang
Paweł,Górecki
Jan,Walraven
Richard,Sproat
Maik,Herfurth
Stefan,Bosse
Zaruhi,Mnatsakanyan
Glenn,Stewart
Hamed,Hassanzadeh
Yuu,Tanaka
Balasingham,Balamohan
Rui,Wang
Mario,Tokoro
Mehdi,Snene
Padmanabhan,Menon
Kamran,Tirdad
Werner,Horn
Alexander,Redei
Anna,Rumshisky
Abdelkader,Adla
Nadia,Nedjah
Carmen,Banea
Giovanna,Guerrini